{
    "Resonators": [
      {
        "src": "/imgs/Resonator_icons/Aalto_icon.png",
        "alt": "Aalto",
        "build": "Aalto build",
        "Element": "Aero",
        "Weapon": "Pistol",
         "Star": "4"
        
      },
      {
        "src": "/imgs/Resonator_icons/Baizhi_icon.png",
        "alt": "Baizhi",
        "build": "Baizhi build",
        "Element": "Glacio",
        "Weapon": "Auralator",
         "Star": "4"
        
      },
      {
        "src": "./imgs/Resonator_icons/Camellya_icon.jpg",
        "alt": "Camellya",
        "build": "Camellya build",
        "Element": "Havoc",
        "Weapon": "Sword",
         "Star": "5"
      },
      {
        "src": "/imgs/Resonator_icons/Calcharo_icon.png",
        "alt": "Calcharo",
        "build": "Calcharo build",
        "Element": "Electro",
        "Weapon": "Heavyblade",
         "Star": "5"
      },
      {
        "src": "/imgs/Resonator_icons/Changli_icon.png",
        "alt": "Changli",
        "build": "Changli build",
        "Element": "Fusion",
        "Weapon": "Sword",
         "Star": "5"
      },
      {
        "src": "/imgs/Resonator_icons/Chixia_icon.png",
        "alt": "Chixia",
        "build": "Chixia build",
        "Element": "Fusion",
        "Weapon": "Pistol",
         "Star": "4"
      },
      {
        "src": "/imgs/Resonator_icons/Danjin_icon.png",
        "alt": "Danjin",
        "build": "Danjin build",
        "Element": "Havoc",
        "Weapon": "Sword",
         "Star": "4"
      },
      {
        "src": "/imgs/Resonator_icons/Encore_icon.png",
        "alt": "Encore",
        "build": "Encore build",
        "Element": "Fusion",
        "Weapon": "Auralator",
         "Star": "5"
      },
      {
        "src": "/imgs/Resonator_icons/Jianxin_icon.png",
        "alt": "Jianxin",
        "build": "Jianxin build",
        "Element": "Aero",
        "Weapon": "Gauntlet",
         "Star": "5"
      },
      {
        "src": "/imgs/Resonator_icons/Jinshi_icon.png",
        "alt": "Jinshi",
        "build": "Jinshi build",
        "Element": "Spectro",
        "Weapon": "Heavyblade",
         "Star": "5"
      },
      {
        "src": "/imgs/Resonator_icons/Jiyan_icon.png",
        "alt": "Jiyan",
        "build": "Jiyan build",
        "Element": "Aero",
        "Weapon": "Heavyblade",
         "Star": "5"
      },
      {
        "src": "/imgs/Resonator_icons/Lingyang_icon.png",
        "alt": "Lingyang",
        "build": "Lingyang build",
        "Element": "Glacio",
        "Weapon": "Gauntlet",
         "Star": "5"
      },
      {
        "src": "/imgs/Resonator_icons/MC_Female_icon.png",
        "alt": "Rover",
        "build": "Rover build",
        "Element": "Spectro",
        "Weapon": "Sword",
         "Star": "5"
      },
      {
        "src": "/imgs/Resonator_icons/Mortefi_icon.png",
        "alt": "Mortefi",
        "build": "Mortefi build",
        "Element": "Fusion",
        "Weapon": "Pistol",
         "Star": "4"
      },
      {
        "src": "/imgs/Resonator_icons/Sanhua_icon.png",
        "alt": "Shorekeeper",
        "build": "Sanhua build",
        "Element": "Glacio",
        "Weapon": "Sword",
         "Star": "4"
      },
      {
        "src": "/imgs/Resonator_icons/Shorekeeper_icon.jpg",
        "alt": "Shorekeeper",
        "build": "Shorekeeper build",
        "Element": "Spectro",
        "Weapon": "Auralator",
         "Star": "5"
      },
      {
        "src": "/imgs/Resonator_icons/Taoqi_icon.png",
        "alt": "Taoqi",
        "build": "Taoqi build",
        "Element": "Havoc",
        "Weapon": "Heavyblade",
         "Star": "4"
      },
      {
        "src": "/imgs/Resonator_icons/Verina_icon.png",
        "alt": "Verina",
        "build": "Verina build",
        "Element": "Spectro",
        "Weapon": "Auralator",
         "Star": "5"
      },
      {
        "src": "/imgs/Resonator_icons/YangYang_icon.png",
        "alt": "YangYang",
        "build": "YangYang build",
        "Element": "Aero",
        "Weapon": "Sword",
         "Star": "4"
      },
      {
        "src": "/imgs/Resonator_icons/yinlin_icon.png",
        "alt": "Yinlin",
        "build": "Yinlin build",
        "Element": "Electro",
        "Weapon": "Auralator",
         "Star": "5"
      },
      {
        "src": "/imgs/Resonator_icons/Youhu_icon.png",
        "alt": "Youhu",
        "build": "Youhu build",
        "Element": "Glacio",
        "Weapon": "Auralator",
         "Star": "4"
      },
      {
        "src": "/imgs/Resonator_icons/Yuanwu_icon.png",
        "alt": "Yuanwu",
        "build": "Yuanwu build",
        "Element": "Electro",
        "Weapon": "Gauntlet",
         "Star": "4"
        
      },
      {
        "src": "/imgs/Resonator_icons/Zhezhi_icon.png",
        "alt": "Zhezhi",
        "build": "Zhezhi build",
        "Element": "Glacio",
        "Weapon": "Auralator",
         "Star": "5"
       
        
      }
    ]
  }
  